<ManagementPack ContentReadable="true" xmlns:xsd="http://www.w3.org/2001/XMLSchema" xmlns:xsl="http://www.w3.org/1999/XSL/Transform">
  <Manifest>
    <Identity>
      <ID>CustomAlerts</ID>
      <Version>1.0.0.0</Version>
    </Identity>
    <Name>CustomAlerts</Name>
    <References>
      <Reference Alias="SC">
        <ID>Microsoft.SystemCenter.Library</ID>
        <Version>6.1.7221.0</Version>
        <PublicKeyToken>31bf3856ad364e35</PublicKeyToken>
      </Reference>
      <Reference Alias="Windows">
        <ID>Microsoft.Windows.Library</ID>
        <Version>6.1.7221.0</Version>
        <PublicKeyToken>31bf3856ad364e35</PublicKeyToken>
      </Reference>
      <Reference Alias="MicrosoftWindowsServerLibrary">
        <ID>Microsoft.Windows.Server.Library</ID>
        <Version>6.0.6794.0</Version>
        <PublicKeyToken>31bf3856ad364e35</PublicKeyToken>
      </Reference>
      <Reference Alias="Health">
        <ID>System.Health.Library</ID>
        <Version>6.1.7221.0</Version>
        <PublicKeyToken>31bf3856ad364e35</PublicKeyToken>
      </Reference>
      <Reference Alias="System">
        <ID>System.Library</ID>
        <Version>6.1.7221.0</Version>
        <PublicKeyToken>31bf3856ad364e35</PublicKeyToken>
      </Reference>
      <Reference Alias="Performance">
        <ID>System.Performance.Library</ID>
        <Version>6.1.7221.0</Version>
        <PublicKeyToken>31bf3856ad364e35</PublicKeyToken>
      </Reference>
    </References>
  </Manifest>
  <Monitoring>
    <Rules>
      <Rule ID="CustomAlerts.AlertOnNotepadMemoryUsage" Enabled="false" Target="Windows!Microsoft.Windows.Server.Computer" ConfirmDelivery="true" Remotable="true" Priority="Normal" DiscardLevel="100">
        <Category>Alert</Category>
        <DataSources>
          <DataSource ID="PerfData" TypeID="Performance!System.Performance.DataProvider">
            <ComputerName>$Target/Property[Type="Windows!Microsoft.Windows.Computer"]/NetworkName$</ComputerName>
            <CounterName>Working Set</CounterName>
            <ObjectName>Process</ObjectName>
            <InstanceName>notepad</InstanceName>
            <AllInstances>false</AllInstances>
            <Frequency>60</Frequency>
          </DataSource>
        </DataSources>
        <ConditionDetection ID="Condition" TypeID="Performance!System.Performance.SimpleThresholdCondition">
          <Threshold>1258291</Threshold>
          <Operator>Greater</Operator>
        </ConditionDetection>
        <WriteActions>
          <WriteAction ID="Alert" TypeID="Health!System.Health.GenerateAlert">
            <Priority>1</Priority>
            <Severity>2</Severity>
            <AlertMessageId>$MPElement[Name="AlertMessageID049264bba7da4e08814d08e1b5eef3ce"]$</AlertMessageId>
            <AlertParameters>
              <AlertParameter1>$Target/Property[Type="Windows!Microsoft.Windows.Computer"]/NetbiosComputerName$</AlertParameter1>
              <AlertParameter2>$Data/Value$</AlertParameter2>
            </AlertParameters>
          </WriteAction>
        </WriteActions>
      </Rule>
    </Rules>
  </Monitoring>
  <Presentation>
    <StringResources>
      <StringResource ID="AlertMessageID049264bba7da4e08814d08e1b5eef3ce" />
    </StringResources>
  </Presentation>
  <LanguagePacks>
    <LanguagePack ID="ENU" IsDefault="true">
      <DisplayStrings>
        <DisplayString ElementID="AlertMessageID049264bba7da4e08814d08e1b5eef3ce">
          <Name>CustomAlerts: Alert On Notepad Memory Usage</Name>
          <Description>Notepad.exe on {0} is consuming {1} Bytes!</Description>
        </DisplayString>
        <DisplayString ElementID="CustomAlerts">
          <Name>Custom Alerts</Name>
          <Description>This is a demo for a custom alert based on the memory usage of an application.</Description>
        </DisplayString>
        <DisplayString ElementID="CustomAlerts.AlertOnNotepadMemoryUsage">
          <Name>CustomAlerts: Alert On Notepad Memory Usage</Name>
          <Description>Alert if notepad.exe is consuming more than 1Mb of memory</Description>
        </DisplayString>
      </DisplayStrings>
    </LanguagePack>
  </LanguagePacks>
</ManagementPack>